Date,Labor Force,Labor Force Participation Rate,Employed,Employment Participation Rate,Unemployed,Unemployment Rate,U.S. Rate
Mar-20,"6,327,900",63.4,"6,035,600",60.4,"292,300",4.6,4.4
Feb-20,"6,398,700",64.1,"6,179,900",61.9,"218,800",3.4,3.5
Jan-20,"6,417,200",64.2,"6,189,400",61.9,"227,800",3.5,3.6
Dec-19,"6,433,000",64.4,"6,196,800",62.0,"236,200",3.7,3.5
Nov-19,"6,433,200",64.4,"6,197,600",62.0,"235,600",3.7,3.5
Oct-19,"6,435,500",64.4,"6,199,300",62.0,"236,200",3.7,3.6
Sep-19,"6,439,700",64.4,"6,199,400",62.0,"240,300",3.7,3.5
Aug-19,"6,442,900",64.4,"6,197,000",62.0,"245,900",3.8,3.7
Jul-19,"6,444,800",64.5,"6,192,700",61.9,"252,200",3.9,3.7
Jun-19,"6,445,200",64.5,"6,186,700",61.9,"258,400",4.0,3.7
May-19,"6,447,000",64.5,"6,182,400",61.8,"264,600",4.1,3.6
Apr-19,"6,452,200",64.5,"6,181,200",61.8,"271,000",4.2,3.6
Mar-19,"6,460,200",64.6,"6,183,400",61.8,"276,800",4.3,3.8
Feb-19,"6,469,300",64.6,"6,188,000",61.8,"281,300",4.3,3.8
Jan-19,"6,475,800",64.7,"6,192,400",61.9,"283,300",4.4,4.0
Dec-18,"6,476,500",64.7,"6,194,300",61.9,"282,200",4.4,3.9
Nov-18,"6,472,200",64.6,"6,193,200",61.8,"279,000",4.3,3.7
Oct-18,"6,465,800",64.6,"6,189,700",61.8,"276,100",4.3,3.8
Sep-18,"6,460,200",64.5,"6,185,700",61.8,"274,500",4.2,3.7
Aug-18,"6,457,100",64.5,"6,182,600",61.7,"274,500",4.3,3.8
Jul-18,"6,457,500",64.5,"6,181,700",61.7,"275,800",4.3,3.8
Jun-18,"6,460,600",64.5,"6,182,600",61.7,"278,000",4.3,4.0
May-18,"6,463,600",64.5,"6,184,100",61.7,"279,500",4.3,3.8
Apr-18,"6,465,200",64.5,"6,184,600",61.7,"280,600",4.3,4.0
Mar-18,"6,464,600",64.5,"6,182,800",61.7,"281,800",4.4,4.0
Feb-18,"6,463,100",64.5,"6,179,400",61.6,"283,700",4.4,4.1
Jan-18,"6,464,100",64.4,"6,176,200",61.6,"287,900",4.5,4.1
Dec-17,"6,468,700",64.5,"6,173,900",61.5,"294,900",4.6,4.1
Nov-17,"6,475,000",64.5,"6,172,000",61.5,"303,000",4.7,4.2
Oct-17,"6,480,400",64.6,"6,170,000",61.5,"310,400",4.8,4.1
Sep-17,"6,483,600",64.6,"6,167,000",61.4,"316,600",4.9,4.2
Aug-17,"6,484,100",64.6,"6,163,800",61.4,"320,300",4.9,4.4
Jul-17,"6,481,300",64.6,"6,160,300",61.4,"321,000",5.0,4.3
Jun-17,"6,476,700",64.5,"6,156,900",61.3,"319,900",4.9,4.3
May-17,"6,473,300",64.5,"6,153,900",61.3,"319,500",4.9,4.4
Apr-17,"6,472,100",64.4,"6,151,200",61.3,"320,800",5.0,4.4
Mar-17,"6,473,700",64.5,"6,149,100",61.2,"324,600",5.0,4.4
Feb-17,"6,478,300",64.5,"6,146,700",61.2,"331,600",5.1,4.6
Jan-17,"6,484,700",64.5,"6,144,000",61.2,"340,700",5.3,4.7
Dec-16,"6,492,900",64.6,"6,142,700",61.1,"350,200",5.4,4.7
Nov-16,"6,502,600",64.7,"6,143,600",61.1,"359,000",5.5,4.7
Oct-16,"6,512,500",64.8,"6,147,100",61.2,"365,300",5.6,4.9
Sep-16,"6,521,500",64.9,"6,152,200",61.2,"369,300",5.7,5.0
Aug-16,"6,530,300",65.0,"6,157,300",61.3,"373,000",5.7,4.9
Jul-16,"6,540,600",65.1,"6,162,300",61.3,"378,300",5.8,4.8
Jun-16,"6,551,700",65.2,"6,167,300",61.4,"384,400",5.9,4.9
May-16,"6,562,500",65.3,"6,172,200",61.4,"390,400",5.9,4.8
Apr-16,"6,571,800",65.4,"6,175,800",61.5,"396,000",6.0,5.0
Mar-16,"6,577,600",65.5,"6,177,000",61.5,"400,700",6.1,5.0
Feb-16,"6,576,700",65.4,"6,174,300",61.4,"402,400",6.1,4.9
Jan-16,"6,567,800",65.3,"6,167,600",61.4,"400,200",6.1,4.9
Dec-15,"6,552,800",65.2,"6,157,500",61.3,"395,300",6.0,5.0
Nov-15,"6,535,500",65.0,"6,146,400",61.1,"389,100",6.0,5.1
Oct-15,"6,521,000",64.9,"6,136,800",61.0,"384,100",5.9,5.0
Sep-15,"6,512,900",64.8,"6,131,000",61.0,"381,900",5.9,5.0
Aug-15,"6,510,100",64.8,"6,128,200",61.0,"382,000",5.9,5.1
Jul-15,"6,508,800",64.7,"6,125,400",60.9,"383,500",5.9,5.2
Jun-15,"6,506,600",64.7,"6,120,500",60.9,"386,000",5.9,5.3
May-15,"6,501,200",64.7,"6,113,000",60.8,"388,200",6.0,5.6
Apr-15,"6,492,400",64.6,"6,103,400",60.7,"388,900",6.0,5.4
Mar-15,"6,483,500",64.5,"6,094,900",60.6,"388,600",6.0,5.4
Feb-15,"6,478,600",64.4,"6,089,800",60.6,"388,800",6.0,5.5
Jan-15,"6,479,500",64.4,"6,088,300",60.5,"391,300",6.0,5.7
Dec-14,"6,490,600",64.5,"6,093,200",60.6,"397,400",6.1,5.6
Nov-14,"6,498,900",64.6,"6,092,600",60.6,"406,300",6.3,5.8
Oct-14,"6,505,600",64.7,"6,088,900",60.6,"416,700",6.4,5.7
Sep-14,"6,507,200",64.7,"6,080,700",60.5,"426,500",6.6,5.9
Aug-14,"6,505,600",64.7,"6,069,700",60.4,"435,900",6.7,6.1
Jul-14,"6,505,100",64.7,"6,057,900",60.3,"447,200",6.9,6.2
Jun-14,"6,507,900",64.8,"6,046,800",60.2,"461,100",7.1,6.1
May-14,"6,514,300",64.8,"6,037,400",60.1,"476,900",7.3,6.3
Apr-14,"6,523,300",64.9,"6,029,700",60.0,"493,600",7.6,6.2
Mar-14,"6,530,900",65.0,"6,020,600",59.9,"510,300",7.8,6.7
Feb-14,"6,534,800",65.1,"6,007,800",59.8,"526,900",8.1,6.7
Jan-14,"6,535,400",65.1,"5,993,100",59.7,"542,400",8.3,6.6
Dec-13,"6,530,500",65.0,"5,975,200",59.5,"555,300",8.5,6.7
Nov-13,"6,529,000",65.0,"5,962,800",59.4,"566,200",8.7,6.9
Oct-13,"6,531,300",65.1,"5,955,000",59.3,"576,300",8.8,7.2
Sep-13,"6,538,500",65.2,"5,952,800",59.3,"585,700",9.0,7.2
Aug-13,"6,547,600",65.3,"5,954,200",59.4,"593,400",9.1,7.2
Jul-13,"6,553,800",65.3,"5,956,600",59.4,"597,200",9.1,7.3
Jun-13,"6,556,100",65.4,"5,957,300",59.4,"598,800",9.1,7.5
May-13,"6,556,900",65.4,"5,955,700",59.4,"601,200",9.2,7.5
Apr-13,"6,558,400",65.5,"5,953,700",59.4,"604,700",9.2,7.6
Mar-13,"6,563,000",65.5,"5,955,200",59.4,"607,800",9.3,7.5
Feb-13,"6,571,900",65.6,"5,963,500",59.5,"608,400",9.3,7.7
Jan-13,"6,582,500",65.7,"5,976,600",59.7,"605,900",9.2,8.0
Dec-12,"6,592,000",65.8,"5,990,700",59.8,"601,400",9.1,7.9
Nov-12,"6,598,000",65.9,"6,001,800",60.0,"596,200",9.0,7.7
Oct-12,"6,599,300",66.0,"6,007,300",60.0,"592,000",9.0,7.8
Sep-12,"6,596,100",65.9,"6,006,000",60.0,"590,000",8.9,7.8
Aug-12,"6,590,100",65.9,"5,999,600",60.0,"590,600",9.0,8.1
Jul-12,"6,584,000",65.9,"5,991,600",60.0,"592,500",9.0,8.2
Jun-12,"6,577,700",65.8,"5,984,700",59.9,"593,000",9.0,8.2
May-12,"6,571,500",65.8,"5,981,000",59.9,"590,500",9.0,8.2
Apr-12,"6,567,400",65.8,"5,980,400",59.9,"587,000",8.9,8.2
Mar-12,"6,567,000",65.8,"5,981,300",59.9,"585,700",8.9,8.2
Feb-12,"6,571,200",65.9,"5,981,300",59.9,"589,900",9.0,8.3
Jan-12,"6,581,100",66.0,"5,979,800",59.9,"601,300",9.1,8.3
Dec-11,"6,594,300",66.1,"5,976,400",59.9,"617,900",9.4,8.5
Nov-11,"6,605,800",66.3,"5,969,800",59.9,"636,000",9.6,8.6
Oct-11,"6,611,800",66.3,"5,960,200",59.8,"651,600",9.9,8.8
Sep-11,"6,611,000",66.4,"5,949,300",59.7,"661,700",10.0,9.0
Aug-11,"6,603,900",66.3,"5,939,500",59.7,"664,400",10.1,9.0
Jul-11,"6,592,500",66.2,"5,932,900",59.6,"659,600",10.0,9.0
Jun-11,"6,579,900",66.1,"5,930,700",59.6,"649,200",9.9,9.1
May-11,"6,569,300",66.1,"5,933,300",59.7,"636,000",9.7,9.0
Apr-11,"6,563,300",66.0,"5,938,800",59.8,"624,500",9.5,9.1
Mar-11,"6,562,900",66.1,"5,944,800",59.8,"618,100",9.4,9.0
Feb-11,"6,566,800",66.1,"5,949,600",59.9,"617,200",9.4,9.0
Jan-11,"6,573,500",66.2,"5,952,800",60.0,"620,700",9.4,9.1
Dec-10,"6,582,400",66.3,"5,954,400",60.0,"627,900",9.5,9.3
Nov-10,"6,591,500",66.5,"5,954,500",60.0,"637,000",9.7,9.8
Oct-10,"6,598,100",66.6,"5,952,900",60.0,"645,100",9.8,9.4
Sep-10,"6,603,100",66.6,"5,951,500",60.1,"651,600",9.9,9.5
Aug-10,"6,609,400",66.8,"5,951,000",60.1,"658,400",10.0,9.5
Jul-10,"6,618,600",66.9,"5,950,400",60.1,"668,200",10.1,9.4
Jun-10,"6,631,700",67.1,"5,948,800",60.1,"682,900",10.3,9.4
May-10,"6,645,600",67.2,"5,943,500",60.1,"702,200",10.6,9.6
Apr-10,"6,654,700",67.3,"5,932,900",60.0,"721,900",10.8,9.9
Mar-10,"6,655,400",67.1,"5,917,700",59.7,"737,700",11.1,9.9
Feb-10,"6,646,400",67.0,"5,898,700",59.5,"747,800",11.3,9.8
Jan-10,"6,629,300",66.9,"5,879,100",59.3,"750,200",11.3,9.8
Dec-09,"6,610,300",66.7,"5,865,200",59.2,"745,000",11.3,9.9
Nov-09,"6,598,200",66.6,"5,863,000",59.2,"735,200",11.1,9.9
Oct-09,"6,597,900",66.7,"5,873,100",59.3,"724,800",11.0,10.0
Sep-09,"6,607,900",66.8,"5,892,300",59.6,"715,600",10.8,9.8
Aug-09,"6,622,400",67.0,"5,915,100",59.8,"707,300",10.7,9.6
Jul-09,"6,636,500",67.2,"5,937,000",60.1,"699,400",10.5,9.5
Jun-09,"6,644,800",67.3,"5,955,200",60.3,"689,600",10.4,9.5
May-09,"6,645,500",67.3,"5,970,500",60.5,"675,000",10.2,9.4
Apr-09,"6,639,200",67.3,"5,985,400",60.7,"653,900",9.8,9.0
Mar-09,"6,628,300",67.2,"6,003,100",60.9,"625,200",9.4,8.7
Feb-09,"6,616,900",67.2,"6,027,300",61.2,"589,500",8.9,8.3
Jan-09,"6,608,300",67.1,"6,057,500",61.5,"550,900",8.3,7.8
Dec-08,"6,604,000",67.1,"6,090,200",61.9,"513,700",7.8,7.3
Nov-08,"6,604,200",67.1,"6,122,500",62.2,"481,700",7.3,6.8
Oct-08,"6,610,200",67.2,"6,152,200",62.6,"458,000",6.9,6.5
Sep-08,"6,621,400",67.4,"6,179,100",62.9,"442,300",6.7,6.1
Aug-08,"6,636,600",67.6,"6,205,100",63.2,"431,500",6.5,6.1
Jul-08,"6,652,600",67.8,"6,231,400",63.5,"421,200",6.3,5.8
Jun-08,"6,667,200",68.0,"6,258,100",63.8,"409,100",6.1,5.6
May-08,"6,680,100",68.2,"6,284,200",64.1,"396,000",5.9,5.4
Apr-08,"6,692,000",68.3,"6,308,500",64.4,"383,500",5.7,5.0
Mar-08,"6,702,700",68.5,"6,328,900",64.6,"373,800",5.6,5.1
Feb-08,"6,712,100",68.6,"6,344,100",64.8,"368,000",5.5,4.9
Jan-08,"6,719,500",68.7,"6,353,900",65.0,"365,600",5.4,5.0
Dec-07,"6,722,700",68.8,"6,358,200",65.0,"364,500",5.4,5.0
Nov-07,"6,721,000",68.8,"6,358,200",65.1,"362,700",5.4,4.7
Oct-07,"6,713,600",68.8,"6,356,000",65.1,"357,700",5.3,4.7
Sep-07,"6,700,900",68.7,"6,351,100",65.1,"349,900",5.2,4.7
Aug-07,"6,684,600",68.5,"6,343,700",65.1,"340,900",5.1,4.6
Jul-07,"6,667,100",68.4,"6,335,700",65.0,"331,400",5.0,4.7
Jun-07,"6,650,900",68.3,"6,327,700",65.0,"323,200",4.9,4.6
May-07,"6,637,800",68.2,"6,321,300",64.9,"316,500",4.8,4.4
Apr-07,"6,629,400",68.1,"6,317,800",64.9,"311,600",4.7,4.5
Mar-07,"6,625,200",68.1,"6,317,500",65.0,"307,700",4.6,4.4
Feb-07,"6,623,000",68.2,"6,319,800",65.0,"303,200",4.6,4.5
Jan-07,"6,620,600",68.2,"6,322,300",65.1,"298,300",4.5,4.6
Dec-06,"6,616,300",68.2,"6,322,400",65.1,"293,900",4.4,4.4
Nov-06,"6,607,100",68.1,"6,316,900",65.1,"290,200",4.4,4.5
Oct-06,"6,592,300",68.0,"6,305,200",65.0,"287,100",4.4,4.4
Sep-06,"6,573,300",67.9,"6,288,100",64.9,"285,200",4.3,4.5
Aug-06,"6,552,500",67.7,"6,267,000",64.7,"285,500",4.4,4.7
Jul-06,"6,532,200",67.5,"6,243,700",64.5,"288,500",4.4,4.7
Jun-06,"6,513,400",67.4,"6,220,800",64.3,"292,500",4.5,4.6
May-06,"6,495,500",67.2,"6,199,200",64.1,"296,300",4.6,4.6
Apr-06,"6,478,400",67.0,"6,177,700",63.9,"300,800",4.6,4.7
Mar-06,"6,463,400",66.9,"6,156,200",63.7,"307,200",4.8,4.7
Feb-06,"6,451,000",66.8,"6,134,400",63.5,"316,600",4.9,4.8
Jan-06,"6,441,400",66.7,"6,113,700",63.3,"327,700",5.1,4.7
Dec-05,"6,433,900",66.7,"6,095,600",63.2,"338,300",5.3,4.9
Nov-05,"6,427,800",66.7,"6,080,700",63.1,"347,100",5.4,5.0
Oct-05,"6,422,100",66.6,"6,068,500",63.0,"353,600",5.5,5.0
Sep-05,"6,416,600",66.7,"6,058,900",63.0,"357,700",5.6,5.0
Aug-05,"6,410,100",66.7,"6,050,600",62.9,"359,400",5.6,4.9
Jul-05,"6,402,400",66.6,"6,041,500",62.9,"360,900",5.6,5.0
Jun-05,"6,394,100",66.6,"6,030,400",62.8,"363,700",5.7,5.0
May-05,"6,385,800",66.5,"6,017,800",62.7,"368,000",5.8,5.1
Apr-05,"6,378,200",66.5,"6,005,800",62.6,"372,400",5.8,5.2
Mar-05,"6,372,100",66.4,"5,995,800",62.5,"376,300",5.9,5.2
Feb-05,"6,366,700",66.4,"5,987,400",62.4,"379,300",6.0,5.4
Jan-05,"6,360,700",66.4,"5,979,300",62.4,"381,300",6.0,5.3
Dec-04,"6,354,400",66.3,"5,971,200",62.3,"383,200",6.0,5.4
Nov-04,"6,348,500",66.3,"5,963,700",62.3,"384,800",6.1,5.4
Oct-04,"6,342,600",66.2,"5,956,600",62.2,"386,000",6.1,5.5
Sep-04,"6,335,500",66.2,"5,949,100",62.2,"386,400",6.1,5.4
Aug-04,"6,327,700",66.2,"5,940,900",62.1,"386,800",6.1,5.4
Jul-04,"6,320,500",66.1,"5,932,800",62.1,"387,700",6.1,5.5
Jun-04,"6,314,900",66.1,"5,925,300",62.0,"389,500",6.2,5.6
May-04,"6,311,100",66.1,"5,918,500",62.0,"392,500",6.2,5.6
Apr-04,"6,308,400",66.1,"5,912,600",61.9,"395,800",6.3,5.6
Mar-04,"6,306,200",66.1,"5,907,600",61.9,"398,500",6.3,5.8
Feb-04,"6,304,600",66.1,"5,903,500",61.9,"401,100",6.4,5.6
Jan-04,"6,304,000",66.1,"5,898,900",61.8,"405,100",6.4,5.7
Dec-03,"6,302,800",66.1,"5,892,100",61.8,"410,600",6.5,5.7
Nov-03,"6,301,500",66.1,"5,883,500",61.7,"418,100",6.6,5.8
Oct-03,"6,301,600",66.1,"5,874,600",61.6,"427,000",6.8,6.0
Sep-03,"6,302,900",66.2,"5,867,700",61.6,"435,200",6.9,6.1
Aug-03,"6,304,400",66.2,"5,864,500",61.6,"439,900",7.0,6.1
Jul-03,"6,304,700",66.2,"5,865,100",61.6,"439,600",7.0,6.2
Jun-03,"6,303,500",66.3,"5,868,200",61.7,"435,200",6.9,6.3
May-03,"6,300,800",66.3,"5,872,000",61.8,"428,800",6.8,6.1
Apr-03,"6,296,700",66.3,"5,874,100",61.8,"422,600",6.7,6.0
Mar-03,"6,291,900",66.2,"5,873,400",61.8,"418,500",6.7,5.9
Feb-03,"6,288,900",66.2,"5,872,400",61.8,"416,500",6.6,5.9
Jan-03,"6,289,500",66.2,"5,874,200",61.9,"415,200",6.6,5.8
Dec-02,"6,294,200",66.3,"5,879,900",61.9,"414,300",6.6,6.0
Nov-02,"6,301,500",66.4,"5,888,100",62.1,"413,400",6.6,5.9
Oct-02,"6,310,200",66.5,"5,897,900",62.2,"412,300",6.5,5.7
Sep-02,"6,320,700",66.7,"5,908,200",62.3,"412,500",6.5,5.7
Aug-02,"6,332,100",66.9,"5,917,300",62.5,"414,800",6.6,5.7
Jul-02,"6,344,300",67.0,"5,926,400",62.6,"417,900",6.6,5.8
Jun-02,"6,356,300",67.2,"5,935,700",62.7,"420,600",6.6,5.8
May-02,"6,367,600",67.3,"5,945,800",62.9,"421,800",6.6,5.8
Apr-02,"6,378,600",67.5,"5,957,700",63.0,"420,900",6.6,5.9
Mar-02,"6,389,000",67.6,"5,971,300",63.2,"417,700",6.5,5.7
Feb-02,"6,398,200",67.7,"5,986,000",63.4,"412,200",6.4,5.7
Jan-02,"6,406,100",67.9,"6,001,300",63.6,"404,800",6.3,5.7
Dec-01,"6,413,100",68.0,"6,018,000",63.8,"395,100",6.2,5.7
Nov-01,"6,420,000",68.1,"6,037,100",64.0,"382,800",6.0,5.5
Oct-01,"6,426,500",68.2,"6,057,800",64.2,"368,700",5.7,5.3
Sep-01,"6,432,500",68.3,"6,078,200",64.5,"354,200",5.5,5.0
Aug-01,"6,439,500",68.4,"6,097,500",64.8,"342,000",5.3,4.9
Jul-01,"6,448,300",68.5,"6,114,100",65.0,"334,200",5.2,4.6
Jun-01,"6,459,200",68.7,"6,128,500",65.2,"330,700",5.1,4.5
May-01,"6,472,100",68.9,"6,142,300",65.3,"329,800",5.1,4.3
Apr-01,"6,484,200",69.0,"6,154,800",65.5,"329,400",5.1,4.4
Mar-01,"6,492,600",69.2,"6,165,500",65.7,"327,100",5.0,4.3
Feb-01,"6,494,500",69.2,"6,173,500",65.8,"321,000",4.9,4.2
Jan-01,"6,490,800",69.2,"6,179,500",65.9,"311,300",4.8,4.2